Cell,Formula_or_Value
A1,Risk Category
B1,Financing Risk
C1,DevEx
D1,Increase in CapEx
E1,Approval Risk
F1,Go/No-Go Probability
G1,
H1,System Overview
I1,
J1,
K1,
L1,
M1,
N1,
O1,Cost Low Bound
P1,Cost Upper Bound
Q1,CapEx Low Bound
R1,CapEx Upper Bound
S1,
T1,
U1,
V1,
W1,
X1,
Y1,
Z1,
AA1,
AB1,
AC1,
AD1,
AE1,
AF1,
AG1,
A2,Site Control
B2,Low
C2,"=IF(B2=""Low"", O2, P2)"
D2,"=IF(B2=""Low"", Q2, R2)"
E2,5
F2,=1 - (0.5/14)*(E2-1)
G2,
H2,Capacity Factor
I2,0.2
J2,Degradation Rate
K2,0.005
L2,
M2,
N2,
O2,7700
P2,9000
Q2,0
R2,0
S2,
T2,
U2,
V2,
W2,
X2,
Y2,
Z2,
AA2,
AB2,
AC2,
AD2,
AE2,
AF2,
AG2,
A3,Permitting
B3,Low
C3,"=IF(B3=""Low"", O3, P3)"
D3,"=IF(B3=""Low"", Q3, R3)"
E3,6
F3,=1 - (0.5/14)*(E3-1)
G3,
H3,System Size (MW)
I3,3
J3,
K3,
L3,
M3,
N3,
O3,40000
P3,90000
Q3,0
R3,0
S3,
T3,
U3,
V3,
W3,
X3,
Y3,
Z3,
AA3,
AB3,
AC3,
AD3,
AE3,
AF3,
AG3,
A4,Interconnection
B4,Low
C4,"=IF(B4=""Low"", O4, P4)"
D4,"=IF(B4=""Low"", Q4, R4)"
E4,8
F4,=1 - (0.5/14)*(E4-1)
G4,
H4,AC system Size
I4,=I3/1.25
J4,
K4,
L4,
M4,
N4,
O4,146250
P4,157750
Q4,250000
R4,2000000
S4,
T4,
U4,
V4,
W4,
X4,
Y4,
Z4,
AA4,
AB4,
AC4,
AD4,
AE4,
AF4,
AG4,
A5,Design
B5,Low
C5,"=IF(B5=""Low"", O5, P5)"
D5,"=IF(B5=""Low"", Q5, R5)"
E5,2
F5,=1 - (0.5/14)*(E5-1)
G5,
H5,Project Type
I5,Community Solar
J5,
K5,
L5,
M5,
N5,
O5,44500
P5,52500
Q5,150000
R5,2000000
S5,
T5,
U5,
V5,
W5,
X5,
Y5,
Z5,
AA5,
AB5,
AC5,
AD5,
AE5,
AF5,
AG5,
A6,Environmental
B6,Low
C6,"=IF(B6=""Low"", O6, P6)"
D6,"=IF(B6=""LOW"", Q6, R6)"
E6,6
F6,=1 - (0.5/14)*(E6-1)
G6,
H6,Electricity Rate
I6,"=IF(I5=""Community Solar"", 90, IF(OR(I5=""PPA"", I5=""Wholesale Market""), 75, ""Other""))"
J6,
K6,
L6,
M6,
N6,
O6,26750
P6,53000
Q6,0
R6,250000
S6,
T6,
U6,
V6,
W6,
X6,
Y6,
Z6,
AA6,
AB6,
AC6,
AD6,
AE6,
AF6,
AG6,
A7,
B7,
C7,
D7,
E7,
F7,
G7,
H7,Price Escalation 
I7,0.02
J7,
K7,
L7,
M7,
N7,
O7,
P7,
Q7,
R7,
S7,
T7,
U7,
V7,
W7,
X7,
Y7,
Z7,
AA7,
AB7,
AC7,
AD7,
AE7,
AF7,
AG7,
A8,Total Dev Spend
B8,=SUM(C2:C6)
C8,
D8,
E8,
F8,
G8,
H8,
I8,
J8,
K8,
L8,
M8,
N8,
O8,
P8,
Q8,
R8,
S8,
T8,
U8,
V8,
W8,
X8,
Y8,
Z8,
AA8,
AB8,
AC8,
AD8,
AE8,
AF8,
AG8,
A9,Total Additional CapEx Spend
B9,=SUM(D2:D6)
C9,
D9,
E9,
F9,
G9,
H9,
I9,
J9,
K9,
L9,
M9,
N9,
O9,
P9,
Q9,
R9,
S9,
T9,
U9,
V9,
W9,
X9,
Y9,
Z9,
AA9,
AB9,
AC9,
AD9,
AE9,
AF9,
AG9,
A10,
B10,
C10,
D10,
E10,
F10,
G10,
H10,
I10,
J10,
K10,
L10,
M10,
N10,
O10,
P10,
Q10,
R10,
S10,
T10,
U10,
V10,
W10,
X10,
Y10,
Z10,
AA10,
AB10,
AC10,
AD10,
AE10,
AF10,
AG10,
A11,Base Case CapEx Spend
B11,2700000
C11,
D11,
E11,
F11,
G11,
H11,
I11,
J11,
K11,
L11,
M11,
N11,
O11,
P11,
Q11,
R11,
S11,
T11,
U11,
V11,
W11,
X11,
Y11,
Z11,
AA11,
AB11,
AC11,
AD11,
AE11,
AF11,
AG11,
A12,Total CapEx Spend
B12,=B11+B9
C12,
D12,
E12,
F12,
G12,
H12,
I12,
J12,
K12,
L12,
M12,
N12,
O12,
P12,
Q12,
R12,
S12,
T12,
U12,
V12,
W12,
X12,
Y12,
Z12,
AA12,
AB12,
AC12,
AD12,
AE12,
AF12,
AG12,
A13,
B13,
C13,
D13,
E13,
F13,
G13,
H13,
I13,
J13,
K13,
L13,
M13,
N13,
O13,
P13,
Q13,
R13,
S13,
T13,
U13,
V13,
W13,
X13,
Y13,
Z13,
AA13,
AB13,
AC13,
AD13,
AE13,
AF13,
AG13,
A14,OpEx
B14,=3125*12
C14,
D14,
E14,
F14,
G14,
H14,
I14,
J14,
K14,
L14,
M14,
N14,
O14,
P14,
Q14,
R14,
S14,
T14,
U14,
V14,
W14,
X14,
Y14,
Z14,
AA14,
AB14,
AC14,
AD14,
AE14,
AF14,
AG14,
A15,
B15,
C15,
D15,
E15,
F15,
G15,
H15,
I15,
J15,
K15,
L15,
M15,
N15,
O15,
P15,
Q15,
R15,
S15,
T15,
U15,
V15,
W15,
X15,
Y15,
Z15,
AA15,
AB15,
AC15,
AD15,
AE15,
AF15,
AG15,
A16,Revenue
B16,=D35*D36
C16,
D16,
E16,
F16,
G16,
H16,
I16,
J16,
K16,
L16,
M16,
N16,
O16,
P16,
Q16,
R16,
S16,
T16,
U16,
V16,
W16,
X16,
Y16,
Z16,
AA16,
AB16,
AC16,
AD16,
AE16,
AF16,
AG16,
A17,
B17,
C17,
D17,
E17,
F17,
G17,
H17,
I17,
J17,
K17,
L17,
M17,
N17,
O17,
P17,
Q17,
R17,
S17,
T17,
U17,
V17,
W17,
X17,
Y17,
Z17,
AA17,
AB17,
AC17,
AD17,
AE17,
AF17,
AG17,
A18,ITC
B18,0.3
C18,
D18,
E18,
F18,
G18,
H18,
I18,
J18,
K18,
L18,
M18,
N18,
O18,
P18,
Q18,
R18,
S18,
T18,
U18,
V18,
W18,
X18,
Y18,
Z18,
AA18,
AB18,
AC18,
AD18,
AE18,
AF18,
AG18,
A19,ITC Amount
B19,=B12*B18
C19,
D19,
E19,
F19,
G19,
H19,
I19,
J19,
K19,
L19,
M19,
N19,
O19,
P19,
Q19,
R19,
S19,
T19,
U19,
V19,
W19,
X19,
Y19,
Z19,
AA19,
AB19,
AC19,
AD19,
AE19,
AF19,
AG19,
A20,
B20,
C20,
D20,
E20,
F20,
G20,
H20,
I20,
J20,
K20,
L20,
M20,
N20,
O20,
P20,
Q20,
R20,
S20,
T20,
U20,
V20,
W20,
X20,
Y20,
Z20,
AA20,
AB20,
AC20,
AD20,
AE20,
AF20,
AG20,
A21,
B21,
C21,
D21,
E21,
F21,
G21,
H21,
I21,
J21,
K21,
L21,
M21,
N21,
O21,
P21,
Q21,
R21,
S21,
T21,
U21,
V21,
W21,
X21,
Y21,
Z21,
AA21,
AB21,
AC21,
AD21,
AE21,
AF21,
AG21,
A22,
B22,
C22,
D22,
E22,
F22,
G22,
H22,
I22,
J22,
K22,
L22,
M22,
N22,
O22,
P22,
Q22,
R22,
S22,
T22,
U22,
V22,
W22,
X22,
Y22,
Z22,
AA22,
AB22,
AC22,
AD22,
AE22,
AF22,
AG22,
A23,
B23,
C23,
D23,
E23,
F23,
G23,
H23,
I23,
J23,
K23,
L23,
M23,
N23,
O23,
P23,
Q23,
R23,
S23,
T23,
U23,
V23,
W23,
X23,
Y23,
Z23,
AA23,
AB23,
AC23,
AD23,
AE23,
AF23,
AG23,
A24,Financial Model
B24,
C24,
D24,
E24,
F24,
G24,
H24,
I24,
J24,
K24,
L24,
M24,
N24,
O24,
P24,
Q24,
R24,
S24,
T24,
U24,
V24,
W24,
X24,
Y24,
Z24,
AA24,
AB24,
AC24,
AD24,
AE24,
AF24,
AG24,
A25,
B25,
C25,
D25,
E25,
F25,
G25,
H25,
I25,
J25,
K25,
L25,
M25,
N25,
O25,
P25,
Q25,
R25,
S25,
T25,
U25,
V25,
W25,
X25,
Y25,
Z25,
AA25,
AB25,
AC25,
AD25,
AE25,
AF25,
AG25,
A26,
B26,Year Since Development Start
C26,
D26,
E26,
F26,
G26,
H26,
I26,
J26,
K26,
L26,
M26,
N26,
O26,
P26,
Q26,
R26,
S26,
T26,
U26,
V26,
W26,
X26,
Y26,
Z26,
AA26,
AB26,
AC26,
AD26,
AE26,
AF26,
AG26,
A27,
B27,0
C27,1
D27,2
E27,3
F27,4
G27,5
H27,6
I27,7
J27,8
K27,9
L27,10
M27,11
N27,12
O27,13
P27,14
Q27,15
R27,16
S27,17
T27,18
U27,19
V27,20
W27,21
X27,22
Y27,23
Z27,24
AA27,25
AB27,26
AC27,27
AD27,28
AE27,29
AF27,30
AG27,31
A28,Phase
B28,Development
C28,NTP and Construction
D28,COD
E28,Year 2
F28,Year 3
G28,Year 4
H28,Year 5
I28,Year 6
J28,Year 7
K28,Year 8
L28,Year 9
M28,Year 10
N28,Year 11
O28,Year 12
P28,Year 13
Q28,Year 14
R28,Year 15
S28,Year 16
T28,Year 17
U28,Year 18
V28,Year 19
W28,Year 20
X28,Year 21
Y28,Year 22
Z28,Year 23
AA28,Year 24
AB28,Year 25
AC28,Year 26
AD28,Year 27
AE28,Year 28
AF28,Year 29
AG28,Year 30
A29,
B29,
C29,
D29,
E29,
F29,
G29,
H29,
I29,
J29,
K29,
L29,
M29,
N29,
O29,
P29,
Q29,
R29,
S29,
T29,
U29,
V29,
W29,
X29,
Y29,
Z29,
AA29,
AB29,
AC29,
AD29,
AE29,
AF29,
AG29,
A30,DevEx
B30,=B8
C30,
D30,
E30,
F30,
G30,
H30,
I30,
J30,
K30,
L30,
M30,
N30,
O30,
P30,
Q30,
R30,
S30,
T30,
U30,
V30,
W30,
X30,
Y30,
Z30,
AA30,
AB30,
AC30,
AD30,
AE30,
AF30,
AG30,
A31,CapEx
B31,
C31,=B12
D31,
E31,
F31,
G31,=$B$20
H31,
I31,
J31,
K31,
L31,
M31,
N31,
O31,
P31,
Q31,
R31,
S31,
T31,
U31,
V31,
W31,
X31,
Y31,
Z31,
AA31,
AB31,
AC31,
AD31,
AE31,
AF31,
AG31,
A32,OpEx
B32,
C32,
D32,=$B$14
E32,=D32*1.01
F32,=E32*1.01
G32,=F32*1.01
H32,=G32*1.01
I32,=H32*1.01
J32,=I32*1.01
K32,=J32*1.01
L32,=K32*1.01
M32,=L32*1.01
N32,=M32*1.01
O32,=N32*1.01
P32,=O32*1.01
Q32,=P32*1.01
R32,=Q32*1.01
S32,=R32*1.01
T32,=S32*1.01
U32,=T32*1.01
V32,=U32*1.01
W32,=V32*1.01
X32,=W32*1.01
Y32,=X32*1.01
Z32,=Y32*1.01
AA32,=Z32*1.01
AB32,=AA32*1.01
AC32,=AB32*1.01
AD32,=AC32*1.01
AE32,=AD32*1.01
AF32,=AE32*1.01
AG32,=AF32*1.01
A33,
B33,
C33,
D33,
E33,
F33,
G33,
H33,
I33,
J33,
K33,
L33,
M33,
N33,
O33,
P33,
Q33,
R33,
S33,
T33,
U33,
V33,
W33,
X33,
Y33,
Z33,
AA33,
AB33,
AC33,
AD33,
AE33,
AF33,
AG33,
A34,Plant Degradation Factor
B34,
C34,
D34,1
E34,=D34-$K$2
F34,=E34-$K$2
G34,=F34-$K$2
H34,=G34-$K$2
I34,=H34-$K$2
J34,=I34-$K$2
K34,=J34-$K$2
L34,=K34-$K$2
M34,=L34-$K$2
N34,=M34-$K$2
O34,=N34-$K$2
P34,=O34-$K$2
Q34,=P34-$K$2
R34,=Q34-$K$2
S34,=R34-$K$2
T34,=S34-$K$2
U34,=T34-$K$2
V34,=U34-$K$2
W34,=V34-$K$2
X34,=W34-$K$2
Y34,=X34-$K$2
Z34,=Y34-$K$2
AA34,=Z34-$K$2
AB34,=AA34-$K$2
AC34,=AB34-$K$2
AD34,=AC34-$K$2
AE34,=AD34-$K$2
AF34,=AE34-$K$2
AG34,=AF34-$K$2
A35,Electricity Generated (MWh)
B35,
C35,
D35,=I4*I2*24*365
E35,=$D$35*E34
F35,=$D$35*F34
G35,=$D$35*G34
H35,=$D$35*H34
I35,=$D$35*I34
J35,=$D$35*J34
K35,=$D$35*K34
L35,=$D$35*L34
M35,=$D$35*M34
N35,=$D$35*N34
O35,=$D$35*O34
P35,=$D$35*P34
Q35,=$D$35*Q34
R35,=$D$35*R34
S35,=$D$35*S34
T35,=$D$35*T34
U35,=$D$35*U34
V35,=$D$35*V34
W35,=$D$35*W34
X35,=$D$35*X34
Y35,=$D$35*Y34
Z35,=$D$35*Z34
AA35,=$D$35*AA34
AB35,=$D$35*AB34
AC35,=$D$35*AC34
AD35,=$D$35*AD34
AE35,=$D$35*AE34
AF35,=$D$35*AF34
AG35,=$D$35*AG34
A36,Electricity Rate ($/MWh)
B36,
C36,
D36,=I6
E36,=D36*(1+$I$7)
F36,=E36*(1+$I$7)
G36,=F36*(1+$I$7)
H36,=G36*(1+$I$7)
I36,=H36*(1+$I$7)
J36,=I36*(1+$I$7)
K36,=J36*(1+$I$7)
L36,=K36*(1+$I$7)
M36,=L36*(1+$I$7)
N36,=M36*(1+$I$7)
O36,=N36*(1+$I$7)
P36,=O36*(1+$I$7)
Q36,=P36*(1+$I$7)
R36,=Q36*(1+$I$7)
S36,=R36*(1+$I$7)
T36,=S36*(1+$I$7)
U36,=T36*(1+$I$7)
V36,=U36*(1+$I$7)
W36,=V36*(1+$I$7)
X36,=W36*(1+$I$7)
Y36,=X36*(1+$I$7)
Z36,=Y36*(1+$I$7)
AA36,=Z36*(1+$I$7)
AB36,=AA36*(1+$I$7)
AC36,=AB36*(1+$I$7)
AD36,=AC36*(1+$I$7)
AE36,=AD36*(1+$I$7)
AF36,=AE36*(1+$I$7)
AG36,=AF36*(1+$I$7)
A37,Benefits
B37,
C37,
D37,=B19
E37,
F37,=C21*F35
G37,=D21*G35
H37,=E21*H35
I37,
J37,
K37,
L37,
M37,
N37,
O37,
P37,
Q37,
R37,
S37,
T37,
U37,
V37,
W37,
X37,
Y37,
Z37,
AA37,
AB37,
AC37,
AD37,
AE37,
AF37,
AG37,
A38,Revenue
B38,
C38,
D38,=D36*D35
E38,=E36*E35 + E37
F38,=F36*F35 + F37
G38,=G36*G35 + G37
H38,=H36*H35 + H37
I38,=I36*I35 + I37
J38,=J36*J35
K38,=K36*K35
L38,=L36*L35
M38,=M36*M35
N38,=N36*N35
O38,=O36*O35
P38,=P36*P35
Q38,=Q36*Q35
R38,=R36*R35
S38,=S36*S35
T38,=T36*T35
U38,=U36*U35
V38,=V36*V35
W38,=W36*W35
X38,=X36*X35
Y38,=Y36*Y35
Z38,=Z36*Z35
AA38,=AA36*AA35
AB38,=AB36*AB35
AC38,=AC36*AC35
AD38,=AD36*AD35
AE38,=AE36*AE35
AF38,=AF36*AF35
AG38,=AG36*AG35
A39,Cash Flow
B39,=B38-SUM(B30:B32)
C39,=C38-SUM(C30:C32)
D39,=D38-SUM(D30:D32) + D37
E39,=E38-SUM(E30:E32)
F39,=F38-SUM(F30:F32)
G39,=G38-SUM(G30:G32)
H39,=H38-SUM(H30:H32)
I39,=I38-SUM(I30:I32)
J39,=J38-SUM(J30:J32)
K39,=K38-SUM(K30:K32)
L39,=L38-SUM(L30:L32)
M39,=M38-SUM(M30:M32)
N39,=N38-SUM(N30:N32)
O39,=O38-SUM(O30:O32)
P39,=P38-SUM(P30:P32)
Q39,=Q38-SUM(Q30:Q32)
R39,=R38-SUM(R30:R32)
S39,=S38-SUM(S30:S32)
T39,=T38-SUM(T30:T32)
U39,=U38-SUM(U30:U32)
V39,=V38-SUM(V30:V32)
W39,=W38-SUM(W30:W32)
X39,=X38-SUM(X30:X32)
Y39,=Y38-SUM(Y30:Y32)
Z39,=Z38-SUM(Z30:Z32)
AA39,=AA38-SUM(AA30:AA32)
AB39,=AB38-SUM(AB30:AB32)
AC39,=AC38-SUM(AC30:AC32)
AD39,=AD38-SUM(AD30:AD32)
AE39,=AE38-SUM(AE30:AE32)
AF39,=AF38-SUM(AF30:AF32)
AG39,=AG38-SUM(AG30:AG32)
A40,
B40,
C40,
D40,
E40,
F40,
G40,
H40,
I40,
J40,
K40,
L40,
M40,
N40,
O40,
P40,
Q40,
R40,
S40,
T40,
U40,
V40,
W40,
X40,
Y40,
Z40,
AA40,
AB40,
AC40,
AD40,
AE40,
AF40,
AG40,
A41,Go/No-Go Probability
B41,=F2*F3*F4*F5*F6
C41,1
D41,1
E41,1
F41,1
G41,1
H41,1
I41,1
J41,1
K41,1
L41,1
M41,1
N41,1
O41,1
P41,1
Q41,1
R41,1
S41,1
T41,1
U41,1
V41,1
W41,1
X41,1
Y41,1
Z41,1
AA41,1
AB41,1
AC41,1
AD41,1
AE41,1
AF41,1
AG41,1
A42,Cumulative Success Probability (up until current period)
B42,1
C42,=B42*B41
D42,=C42*C41
E42,=D42*D41
F42,=E42*E41
G42,=F42*F41
H42,=G42*G41
I42,=H42*H41
J42,=I42*I41
K42,=J42*J41
L42,=K42*K41
M42,=L42*L41
N42,=M42*M41
O42,=N42*N41
P42,=O42*O41
Q42,=P42*P41
R42,=Q42*Q41
S42,=R42*R41
T42,=S42*S41
U42,=T42*T41
V42,=U42*U41
W42,=V42*V41
X42,=W42*W41
Y42,=X42*X41
Z42,=Y42*Y41
AA42,=Z42*Z41
AB42,=AA42*AA41
AC42,=AB42*AB41
AD42,=AC42*AC41
AE42,=AD42*AD41
AF42,=AE42*AE41
AG42,=AF42*AF41
A43,Expected Cash Flow
B43,=B42*B39
C43,=C42*C39
D43,=D42*D39
E43,=E42*E39
F43,=F42*F39
G43,=G42*G39
H43,=H42*H39
I43,=I42*I39
J43,=J42*J39
K43,=K42*K39
L43,=L42*L39
M43,=M42*M39
N43,=N42*N39
O43,=O42*O39
P43,=P42*P39
Q43,=Q42*Q39
R43,=R42*R39
S43,=S42*S39
T43,=T42*T39
U43,=U42*U39
V43,=V42*V39
W43,=W42*W39
X43,=X42*X39
Y43,=Y42*Y39
Z43,=Z42*Z39
AA43,=AA42*AA39
AB43,=AB42*AB39
AC43,=AC42*AC39
AD43,=AD42*AD39
AE43,=AE42*AE39
AF43,=AF42*AF39
AG43,=AG42*AG39
A44,
B44,
C44,
D44,
E44,
F44,
G44,
H44,
I44,
J44,
K44,
L44,
M44,
N44,
O44,
P44,
Q44,
R44,
S44,
T44,
U44,
V44,
W44,
X44,
Y44,
Z44,
AA44,
AB44,
AC44,
AD44,
AE44,
AF44,
AG44,
A45,Expected IRR (for portfolio of projects)
B45,=IRR(B43:AG43)
C45,
D45,
E45,
F45,
G45,
H45,
I45,
J45,
K45,
L45,
M45,
N45,
O45,
P45,
Q45,
R45,
S45,
T45,
U45,
V45,
W45,
X45,
Y45,
Z45,
AA45,
AB45,
AC45,
AD45,
AE45,
AF45,
AG45,
A46,Projects Reaching NTP
B46,=C42
C46,
D46,
E46,
F46,
G46,
H46,
I46,
J46,
K46,
L46,
M46,
N46,
O46,
P46,
Q46,
R46,
S46,
T46,
U46,
V46,
W46,
X46,
Y46,
Z46,
AA46,
AB46,
AC46,
AD46,
AE46,
AF46,
AG46,
A47,IRR of successful projects
B47,=IRR(B39:AF39)
C47,
D47,
E47,
F47,
G47,
H47,
I47,
J47,
K47,
L47,
M47,
N47,
O47,
P47,
Q47,
R47,
S47,
T47,
U47,
V47,
W47,
X47,
Y47,
Z47,
AA47,
AB47,
AC47,
AD47,
AE47,
AF47,
AG47,
A48,
B48,
C48,
D48,
E48,
F48,
G48,
H48,
I48,
J48,
K48,
L48,
M48,
N48,
O48,
P48,
Q48,
R48,
S48,
T48,
U48,
V48,
W48,
X48,
Y48,
Z48,
AA48,
AB48,
AC48,
AD48,
AE48,
AF48,
AG48,
A49,
B49,
C49,
D49,
E49,
F49,
G49,
H49,
I49,
J49,
K49,
L49,
M49,
N49,
O49,
P49,
Q49,
R49,
S49,
T49,
U49,
V49,
W49,
X49,
Y49,
Z49,
AA49,
AB49,
AC49,
AD49,
AE49,
AF49,
AG49,
